Event,Gender,#,Time,Name,Nationality,Date,Meet,Location
50m,Men,1,23.86,Jonty Skinner,South Africa,1976-08-14,US National Championships,"Philadelphia, United States"
50m,Men,2,23.74,Joe Bottom,United States,1977-07-03,Canada Cup,"Etobicoke, Canada"
50m,Men,3,23.72,Ron Manganiello,United States,1978-07-29,-,"Miami, United States"
50m,Men,4,23.7,Klaus Steinbach,West Germany,1979-07-23,-,"Freiburg, West Germany"
50m,Men,5,23.66,Chris Cavanaugh,United States,1980-02-02,International Invitational,"Amersfoort, Netherlands"
50m,Men,6,23.12,Chris Cavanaugh,United States,1980-04-10,US Spring National Championships,"Austin, United States"
50m,Men,7,22.96,Rowdy Gaines,United States,1980-04-10,US Spring National Championships,"Austin, United States"
50m,Men,8,22.83,Bruce Stahl,United States,1980-04-10,US Spring National Championships,"Austin, United States"
50m,Men,8,22.83,Joe Bottom,United States,1980-08-15,Hawaiian Invitational,"Honolulu, United States"
50m,Men,10,22.71,Joe Bottom,United States,1980-08-15,Hawaiian Invitational,"Honolulu, United States"
50m,Men,11,22.54,Robin Leamy,United States,1981-08-15,US National Championships,"Brown Deer, United States"
50m,Men,12,22.52,Dano Halsall,Switzerland,1985-07-21,Swiss Championships,"Bellinzona, Switzerland"
50m,Men,13,22.4,Tom Jager,United States,1985-12-06,USS Invitational,"Austin, United States"
50m,Men,14,22.33,Matt Biondi,United States,1986-06-26,USA World Championship Trials,"Orlando, United States"
50m,Men,14,22.33,Matt Biondi,United States,1987-07-30,US National Championships,"Clovis, United States"
50m,Men,16,22.32,Tom Jager,United States,1987-08-13,Pan Pacific Championships,"Brisbane, Australia"
50m,Men,17,22.23,Tom Jager,United States,1988-03-25,US Spring National Championships,"Orlando, United States"
50m,Men,-,22.18,Peter Williams,South Africa,1988-04-10,CSCA Invitational,"Indianapolis, United States"
50m,Men,18,22.14,Matt Biondi,United States,1988-09-24,Olympic Games,"Seoul, South Korea"
50m,Men,19,22.12,Tom Jager,United States,1989-08-20,Pan Pacific Championships,"Tokyo, Japan"
50m,Men,20,21.98,Tom Jager,United States,1990-03-24,US Sprint Championships,"Nashville, United States"
50m,Men,21,21.81,Tom Jager,United States,1990-03-24,US Sprint Championships,"Nashville, United States"
50m,Men,22,21.64,Alexander Popov,Russia,2000-06-16,Russian Championships,"Moscow, Russia"
50m,Men,23,21.56,Eamon Sullivan,Australia,2008-02-17,NSW Championships,"Sydney, Australia"
50m,Men,24,21.5,Alain Bernard,France,2008-03-23,European Championships,"Eindhoven, Netherlands"
50m,Men,25,21.41,Eamon Sullivan,Australia,2008-03-27,Australian Championships,"Sydney, Australia"
50m,Men,26,21.28,Eamon Sullivan,Australia,2008-03-28,Australian Championships,"Sydney, Australia"
50m,Men,27,20.94,Frédérick Bousquet,France,2009-04-26,French Championships,"Montpellier, France"
50m,Men,28,20.91,César Cielo,Brazil,2009-12-18,Brazilian Championships,"São Paulo, Brazil"
50m,Men,29,20.88,Cameron McEvoy,Australia,2026-03-20,China Open,"Shenzhen, China"
50m,Women,1,26.99,Kornelia Ender,East Germany,1975-07-26,World Championships,"Cali, Colombia"
50m,Women,2,26.95,Johanna Malloy,Canada,1977-08-16,Canadian Summer Games,"St. John's, NL, Canada"
50m,Women,3,26.74,Anne Jardin,Canada,1978-08-19,Canadian Championships,"Etobicoke, Canada"
50m,Women,4,26.61,Cynthia Woodhead,United States,1980-04-10,US Spring National Championships,"Austin, United States"
50m,Women,5,26.53,Kelly Asplund,United States,1980-04-10,US Spring National Championships,"Austin, United States"
50m,Women,6,26.32,Jill Sterkel,United States,1980-04-10,US Spring National Championships,"Austin, United States"
50m,Women,7,25.96,Jill Sterkel,United States,1980-04-10,US Spring National Championships,"Austin, United States"
50m,Women,8,25.79,Jill Sterkel,United States,1981-04-03,Longhorn Invitational,"Austin, United States"
50m,Women,9,25.69,Dara Torres,United States,1983-01-29,Speedo International,"Amersfoort, Netherlands"
50m,Women,10,25.64,Annemarie Verstappen,Netherlands,1983-07-09,Dutch Championships,"Amersfoort, Netherlands"
50m,Women,11,25.62,Dara Torres,United States,1983-08-05,US National Championships,"Clovis, United States"
50m,Women,12,25.61,Dara Torres,United States,1984-07-21,Pre-Olympic meet,"Mission Viejo, United States"
50m,Women,13,25.5,Tamara Costache,Romania,1986-07-16,Romanian Championships,"Bucharest, Romania"
50m,Women,14,25.34,Tamara Costache,Romania,1986-07-16,Romanian Championships,"Bucharest, Romania"
50m,Women,15,25.31,Tamara Costache,Romania,1986-08-01,Balkan Games,"Sofia, Bulgaria"
50m,Women,16,25.28,Tamara Costache,Romania,1986-08-23,World Championships,"Madrid, Spain"
50m,Women,17,24.98,Yang Wenyi,China,1988-04-11,Asian Championships,"Guangzhou, China"
50m,Women,18,24.79,Yang Wenyi,China,1992-07-31,Olympic Games,"Barcelona, Spain"
50m,Women,19,24.51,Le Jingyi,China,1994-09-11,World Championships,"Rome, Italy"
50m,Women,19,24.51,Inge de Bruijn,Netherlands,2000-05-26,Super Speedo Grand Prix,"Sheffield, United Kingdom"
50m,Women,21,24.48,Inge de Bruijn,Netherlands,2000-06-04,Dutch Championships,"Drachten, Netherlands"
50m,Women,22,24.39,Inge de Bruijn,Netherlands,2000-06-10,Trofeu Jose Finkel,"Rio de Janeiro, Brazil"
50m,Women,23,24.13,Inge de Bruijn,Netherlands,2000-09-22,Olympic Games,"Sydney, Australia"
50m,Women,24,24.09,Marleen Veldhuis,Netherlands,2008-03-24,European Championships,"Eindhoven, Netherlands"
50m,Women,25,23.97,Libby Trickett,Australia,2008-03-29,Australian Championships,"Sydney, Australia"
50m,Women,26,23.96,Marleen Veldhuis,Netherlands,2009-04-19,Amsterdam Swim Cup,"Amsterdam, Netherlands"
50m,Women,27,23.73,Britta Steffen,Germany,2009-08-02,World Championships,"Rome, Italy"
50m,Women,28,23.67,Sarah Sjöström,Sweden,2017-07-29,World Championships,"Budapest, Hungary"
50m,Women,29,23.61,Sarah Sjöström,Sweden,2023-07-29,World Championships,"Fukuoka, Japan"
50m,Women,30,23.59,Kate Douglass,United States,2026-06-19,Pro Swim Series,"Indianapolis, United States"
50m,Women,31,23.55,Gretchen Walsh,United States,2026-06-28,Sette Colli Trophy,"Rome, Italy"
50m,Women,32,23.49,Kate Douglass,United States,2026-08-15,Pan Pacific Championships,"Irvine, United States"
50m,Women,32,23.19,Kate Douglass,United States,2026-08-15,Pan Pacific Championships,"Irvine, United States"
100m,Men,1,1:05.8,Zoltán Halmay,Hungary,1905-12-03,–,"Vienna, Austria"
100m,Men,2,1:05.6,Charles Daniels,United States,1908-07-20,Olympic Games,"London, United Kingdom"
100m,Men,3,1:02.8,Charles Daniels,United States,1910-04-15,Special record attempt by the New York AC,"New York City, United States"
100m,Men,4,1:02.4,Kurt Bretting,Germany,1912-04-06,–,"Brussels, Belgium"
100m,Men,5,1:01.6,Duke Kahanamoku,United States,1912-07-20,German Championships,"Hamburg, Germany"
100m,Men,6,1:01.4,Duke Kahanamoku,United States,1918-08-09,International exhibition,"New York City, United States"
100m,Men,7,1:00.4,Duke Kahanamoku,United States,1920-08-24,Olympic Games,"Antwerp, Belgium"
100m,Men,8,58.6,Johnny Weissmuller,United States,1922-07-09,–,"Alameda, United States"
100m,Men,9,57.4,Johnny Weissmuller,United States,1924-02-17,–,"Miami, United States"
100m,Men,10,56.8,Peter Fick,United States,1934-03-02,Yale University Swimming Carnival,"New Haven, United States"
100m,Men,11,56.6,Peter Fick,United States,1935-03-05,Yale University Swimming Carnival,"New Haven, United States"
100m,Men,12,56.4,Peter Fick,United States,1936-02-11,Yale Benefit Event for the US Olympic team,"New Haven, United States"
100m,Men,13,55.9,Alan Ford,United States,1944-04-13,Special record attempt,"New Haven, United States"
100m,Men,14,55.8,Alex Jany,France,1947-09-15,–,"Menton, France"
100m,Men,15,55.4,Alan Ford,United States,1948-06-29,New Haven Swim Club team time trial,"New Haven, United States"
100m,Men,16,54.8,Dick Cleveland,United States,1954-04-01,AAU Championships,"New Haven, United States"
100m,Men,17,55.4,Jon Henricks,Australia,1956-11-30,Olympic Games,"Melbourne, Australia"
100m,Men,18,55.2,John Devitt,Australia,1957-01-19,New South Wales State Championships,"Sydney, Australia"
100m,Men,19,54.6,John Devitt,Australia,1957-01-28,Queensland State Championships,"Brisbane, Australia"
100m,Men,20,54.4,Steve Clark,United States,1961-08-18,Men's NAAA Championships,"Los Angeles, United States"
100m,Men,21,53.6,Manuel dos Santos,Brazil,1961-09-20,Special record attempt by the CR Guanabara,"Rio de Janeiro, Brazil"
100m,Men,22,52.9,Alain Gottvallès,France,1964-09-13,–,"Budapest, Hungary"
100m,Men,22,52.9,Steve Clark,United States,1964-10-14,Olympic Games,"Tokyo, Japan"
100m,Men,24,52.6,Ken Walsh,United States,1967-07-27,Pan American Games,"Winnipeg, Canada"
100m,Men,24,52.6,Zac Zorn,United States,1968-09-02,US Olympic Trials (elec. 52.58),"Los Angeles, United States"
100m,Men,26,52.2,Michael Wenden,Australia,1968-10-19,Olympic Games,"Mexico City, Mexico"
100m,Men,27,51.94,Mark Spitz,United States,1970-08-23,AAU Championships,"Los Angeles, United States"
100m,Men,28,51.47,Mark Spitz,United States,1972-08-05,USA Olympic Trials,"Chicago, United States"
100m,Men,29,51.22,Mark Spitz,United States,1972-09-03,Olympic Games,"Munich, West Germany"
100m,Men,30,51.12,Jim Montgomery,United States,1975-06-21,AAU World Championship Trials,"Long Beach, United States"
100m,Men,31,51.11,Andy Coan,United States,1975-08-03,An Amateur Athletic Union Region Four meet,"Fort Lauderdale, United States"
100m,Men,32,50.59,Jim Montgomery,United States,1975-08-23,AAU Championships,"Kansas City, United States"
100m,Men,33,50.39,Jim Montgomery,United States,1976-07-24,Olympic Games,"Montreal, Canada"
100m,Men,34,49.99,Jim Montgomery,United States,1976-07-25,Olympic Games,"Montreal, Canada"
100m,Men,35,49.44,Jonty Skinner,South Africa,1976-08-14,AAU Championships,"Philadelphia, United States"
100m,Men,36,49.36,Rowdy Gaines,United States,1981-04-03,Longhorn Invitational,"Austin, United States"
100m,Men,37,49.24,Matt Biondi,United States,1985-08-06,USA Summer Nationals,"Mission Viejo, United States"
100m,Men,38,48.95,Matt Biondi,United States,1985-08-06,USA Summer Nationals,"Mission Viejo, United States"
100m,Men,39,48.74,Matt Biondi,United States,1986-06-24,US World Championships Trials,"Orlando, United States"
100m,Men,40,48.42,Matt Biondi,United States,1988-08-10,USA Olympic Trials,"Austin, United States"
100m,Men,41,48.21,Alexander Popov,Russia,1994-06-18,Mare Nostrum,"Monte-Carlo, Monaco"
100m,Men,42,48.18,Michael Klim,Australia,2000-09-16,Olympic Games,"Sydney, Australia"
100m,Men,43,47.84,Pieter van den Hoogenband,Netherlands,2000-09-19,Olympic Games,"Sydney, Australia"
100m,Men,44,47.60,Alain Bernard,France,2008-03-21,European Championships,"Eindhoven, Netherlands"
100m,Men,45,47.50,Alain Bernard,France,2008-03-22,European Championships,"Eindhoven, Netherlands"
100m,Men,46,47.24,Eamon Sullivan,Australia,2008-08-11,Olympic Games,"Beijing, China"
100m,Men,47,47.20,Alain Bernard,France,2008-08-13,Olympic Games,"Beijing, China"
100m,Men,48,47.05,Eamon Sullivan,Australia,2008-08-13,Olympic Games,"Beijing, China"
100m,Men,-,46.94,Alain Bernard,France,2009-04-23,French Championships,"Montpellier, France"
100m,Men,49,46.91,César Cielo,Brazil,2009-07-30,World Championships,"Rome, Italy"
100m,Men,50,46.86,David Popovici,Romania,2022-08-13,European Championships,"Rome, Italy"
100m,Men,51,46.80,Pan Zhanle,China,2024-02-11,World Championships,"Doha, Qatar"
100m,Men,52,46.40,Pan Zhanle,China,2024-07-31,Olympic Games,"Paris, France"
100m,Women,1,1:35.0,Martha Gerstung,Germany,1908-10-18,–,"Magdeburg, Germany"
100m,Women,2,1:26.6,Claire Guttenstein,Belgium,1910-10-02,–,"Schaerbeek, Belgium"
100m,Women,3,1:24.6,Daisy Curwen,Great Britain,1911-09-29,–,"Liverpool, United Kingdom"
100m,Women,4,1:20.6,Daisy Curwen,Great Britain,1912-06-10,–,"Birkenhead, United Kingdom"
100m,Women,5,1:19.8,Fanny Durack,Australia,1912-07-09,Olympic Games,"Stockholm, Sweden"
100m,Women,6,1:18.8,Fanny Durack,Australia,1912-07-21,German Championships,"Hamburg, Germany"
100m,Women,7,1:16.2,Fanny Durack,Australia,1915-02-06,NSW Ladies' Amateur Championships,"Sydney, Australia"
100m,Women,8,1:14.4,Ethelda Bleibtrey,United States,1920-08-23,Olympic Games,"Antwerp, Belgium"
100m,Women,9,1:13.6,Ethelda Bleibtrey,United States,1920-08-25,Olympic Games,"Antwerp, Belgium"
100m,Women,10,1:12.8,Gertrude Ederle,United States,1923-06-30,–,"Newark, United States"
100m,Women,11,1:12.2,Mariechen Wehselau,United States,1924-07-19,Olympic Games,"Paris, France"
100m,Women,12,1:10.0,Ethel Lackie,United States,1926-01-28,–,"Toledo, United States"
100m,Women,13,1:09.8,Eleanor Garatti,United States,1929-08-07,US National Women's Championships,"Honolulu, Hawaii"
100m,Women,14,1:09.4,Albina Osipowich,United States,1929-08-25,–,"San Francisco, United States"
100m,Women,15,1:08.0,Helene Madison,United States,1930-03-14,US National Championships,"Miami Beach, United States"
100m,Women,16,1:06.6,Helene Madison,United States,1931-04-20,–,"Boston, United States"
100m,Women,17,1:06.0,Willy den Ouden,Netherlands,1933-07-09,–,"Antwerp, Belgium"
100m,Women,18,1:05.4,Willy den Ouden,Netherlands,1934-02-24,–,"Amsterdam, Netherlands"
100m,Women,19,1:04.8,Willy den Ouden,Netherlands,1934-04-15,–,"Rotterdam, Netherlands"
100m,Women,20,1:04.6,Willy den Ouden,Netherlands,1936-02-27,–,"Amsterdam, Netherlands"
100m,Women,21,1:04.5,Dawn Fraser,Australia,1956-02-21,Australian Championships,"Sydney, Australia"
100m,Women,22,1:04.2,Cocky Gastelaars,Netherlands,1956-03-03,–,"Amsterdam, Netherlands"
100m,Women,23,1:04.0,Cocky Gastelaars,Netherlands,1956-04-14,–,"Schiedam, Netherlands"
100m,Women,24,1:03.3,Dawn Fraser,Australia,1956-08-25,Australian Olympic Squad Swimming Carnival,"Townsville, Australia"
100m,Women,25,1:03.2,Lorraine Crapp,Australia,1956-10-20,Australian Olympic Squad Swimming Carnival,"Sydney, Australia"
100m,Women,26,1:02.4,Lorraine Crapp,Australia,1956-10-25,Australian Trials,"Melbourne, Australia"
100m,Women,27,1:02.0,Dawn Fraser,Australia,1956-12-01,Olympic Games,"Melbourne, Australia"
100m,Women,28,1:01.5,Dawn Fraser,Australia,1958-02-18,Australian Championships,"Melbourne, Australia"
100m,Women,29,1:01.4,Dawn Fraser,Australia,1958-07-21,British Empire & Commonwealth Games,"Cardiff, United Kingdom"
100m,Women,30,1:01.2,Dawn Fraser,Australia,1958-08-10,–,"Schiedam, Netherlands"
100m,Women,31,1:00.2,Dawn Fraser,Australia,1960-02-23,Australian Championships,"Sydney, Australia"
100m,Women,32,1:00.0,Dawn Fraser,Australia,1962-10-23,Australian Trials,"Melbourne, Australia"
100m,Women,33,59.9,Dawn Fraser,Australia,1962-10-27,Australian Trials,"Melbourne, Australia"
100m,Women,34,59.5,Dawn Fraser,Australia,1962-10-24,British Empire & Commonwealth Games,"Perth, Australia"
100m,Women,35,58.9,Dawn Fraser,Australia,1964-02-29,Australian Championships,"Sydney, Australia"
100m,Women,35,58.9,Shane Gould,Australia,1971-04-30,Coca-Cola International,"London, United Kingdom"
100m,Women,36,58.5,Shane Gould,Australia,1972-01-08,NSW Championships,"Sydney, Australia"
100m,Women,37,58.25,Kornelia Ender,East Germany,1973-07-13,East German Championships,"East Berlin, East Germany"
100m,Women,38,58.12,Kornelia Ender,East Germany,1973-08-18,–,"Utrecht, Netherlands"
100m,Women,39,57.61,Kornelia Ender,East Germany,1973-09-08,World Championships,"Belgrade, Yugoslavia"
100m,Women,40,57.54,Kornelia Ender,East Germany,1973-09-09,World Championships,"Belgrade, Yugoslavia"
100m,Women,41,57.51,Kornelia Ender,East Germany,1974-07-04,East German Championships,"Rostock, East Germany"
100m,Women,42,56.96,Kornelia Ender,East Germany,1974-08-19,European Championships,"Vienna, Austria"
100m,Women,43,56.38,Kornelia Ender,East Germany,1975-03-14,GDRvURS Duel,"Dresden, East Germany"
100m,Women,44,56.22,Kornelia Ender,East Germany,1975-07-26,World Championships,"Cali, Colombia"
100m,Women,45,55.73,Kornelia Ender,East Germany,1976-06-01,East German Championships,"East Berlin, East Germany"
100m,Women,46,55.65,Kornelia Ender,East Germany,1976-07-19,Olympic Games,"Montréal, Canada"
100m,Women,47,55.41,Barbara Krause,East Germany,1978-07-05,East German Championships,"East Berlin, East Germany"
100m,Women,48,54.98,Barbara Krause,East Germany,1980-07-20,Olympic Games,"Moscow, Soviet Union"
100m,Women,49,54.79,Barbara Krause,East Germany,1980-07-21,Olympic Games,"Moscow, Soviet Union"
100m,Women,50,54.73,Kristin Otto,East Germany,1986-08-19,World Championships,"Madrid, Spain"
100m,Women,51,54.48,Jenny Thompson,United States,1992-03-01,US Olympic Trials,"Indianapolis, United States"
100m,Women,52,54.01,Jingyi Le,China,1994-09-05,World Championships,"Rome, Italy"
100m,Women,53,53.80,Inge de Bruijn,Netherlands,2000-05-28,Super Speedo Grand Prix,"Sheffield, United Kingdom"
100m,Women,54,53.77,Inge de Bruijn,Netherlands,2000-09-20,Olympic Games,"Sydney, Australia"
100m,Women,55,53.66,Libby Lenton,Australia,2004-03-31,Australian Championships,"Sydney, Australia"
100m,Women,56,53.52,Jodie Henry,Australia,2004-08-18,Olympic Games,"Athens, Greece"
100m,Women,57,53.42,Libby Lenton,Australia,2006-01-31,Australian Championships,"Melbourne, Australia"
100m,Women,58,53.30,Britta Steffen,Germany,2006-08-02,European Championships,"Budapest, Hungary"
100m,Women,59,52.88,Libby Trickett,Australia,2008-03-27,Australian Championships,"Sydney, Australia"
100m,Women,60,52.85,Britta Steffen,Germany,2009-06-25,German Championships,"Berlin, Germany"
100m,Women,61,52.56,Britta Steffen,Germany,2009-06-27,German Championships,"Berlin, Germany"
100m,Women,62,52.22,Britta Steffen,Germany,2009-07-26,World Championships,"Rome, Italy"
100m,Women,63,52.07,Britta Steffen,Germany,2009-07-31,World Championships,"Rome, Italy"
100m,Women,64,52.06,Cate Campbell,Australia,2016-07-02,Swimming Australia Grand Prix,"Brisbane, Australia"
100m,Women,65,51.71,Sarah Sjöström,Sweden,2017-07-23,World Championships,"Budapest, Hungary"
100m,Women,65,51.68,Marrit Steenbergen,Netherlands,2026-06-27,Sette Colli Trophy,"Rome, Italy"
200m,Men,0,2:28.6,Frederick Lane,Australia,1902-08-18,-,"Weston-super-Mare, United Kingdom"
200m,Men,0,2:26.8,Zoltan Halmay,Hungary,1908-06-28,-,"Budapest, Hungary"
200m,Men,1,2:31.6,Otto Scheff,Austria,1908-11-11,-,"Vienna, Austria"
200m,Men,2,2:30.0,Frank Beaurepaire,Australia,1910-09-09,-,"Exeter, United Kingdom"
200m,Men,3,2:25.4,Charles Daniels,United States,1911-03-28,-,"Pittsburgh, United States"
200m,Men,4,2:21.6,Norman Ross,United States,1916-11-24,-,"San Francisco, United States"
200m,Men,5,2:19.8,Tedford Cann,United States,1920-04-10,-,"Detroit, United States"
200m,Men,6,2:15.6,Johnny Weissmuller,United States,1922-05-26,-,"Honolulu, United States"
200m,Men,7,2:15.2,Johnny Weissmuller,United States,1925-12-09,-,"McKeesport, United States"
200m,Men,8,2:08.0,Johnny Weissmuller,United States,1927-04-05,-,"Ann Arbor, United States"
200m,Men,9,2:07.2,Jack Medica,United States,1935-04-12,-,"Chicago, United States"
200m,Men,10,2:06.2,Bill Smith,United States,1944-02-12,-,"Columbus, United States"
200m,Men,11,2:05.4,Alex Jany,France,1946-09-20,-,"Marseille, France"
200m,Men,12,2:04.6,John Marshall,Australia,1950-03-31,Yale (?),"New Haven, United States"
200m,Men,13,2:03.9,Ford Konno,United States,1954-02-27,-,"Columbus, Australia"
200m,Men,14,2:03.4,Jack Wardrop,Great Britain,1955-03-04,-,"Columbus, United States"
200m,Men,15,2:01.5,Dick Hanley,United States,1957-03-08,-,"Minneapolis, United States"
200m,Men,16,2:04.8,John Konrads,Australia,1958-01-08,-,"Sydney, Australia"
200m,Men,17,2:03.2,John Konrads,Australia,1958-05-05,-,"Sydney, Australia"
200m,Men,18,2:03.0,Tsuyoshi Yamanaka,Japan,1958-08-22,-,"Osaka, Japan"
200m,Men,19,2:02.2,John Konrads,Australia,1959-01-16,-,"Sydney, Australia"
200m,Men,20,2:01.5,Tsuyoshi Yamanaka,Japan,1959-07-26,-,"Osaka, Japan"
200m,Men,21,2:01.2,Tsuyoshi Yamanaka,Japan,1961-06-24,-,"Osaka, Japan"
200m,Men,22,2:01.1,Tsuyoshi Yamanaka,Japan,1961-08-06,-,"Tokyo, Japan"
200m,Men,23,2:00.4,Tsuyoshi Yamanaka,Japan,1961-08-20,Men’s National Outdoor Championships,"Los Angeles, United States"
200m,Men,23,2:00.4,Don Schollander,United States,1962-08-11,Men’s National Outdoor Championships,"Cuyahoga Falls, United States"
200m,Men,25,2:00.3,Bob Windle,Australia,1963-04-21,-,"tokyo, Japan"
200m,Men,26,1:58.8,Don Schollander,United States,1963-07-27,5th Annual Los Angeles Invitiational,"Los Angeles, United States"
200m,Men,27,1:58.5,Don Schollander,United States,1963-08-17,6th US-Japan swimming and diving meet,"Tokyo, Japan"
200m,Men,28,1:58.4,Don Schollander,United States,1963-08-24,-,"Osaka, Japan"
200m,Men,29,1:58.2,Hans-Joachim Klein,West Germany,1964-05-24,-,"Dortmund, West Germany"
200m,Men,30,1:57.6,Don Schollander,United States,1964-08-01,US National Championships,"Los Altos, United States"
200m,Men,31,1:57.2,Don Schollander,United States,1966-07-29,-,"Los Angeles, United States"
200m,Men,32,1:56.2,Don Schollander,United States,1966-08-19,-,"Lincoln, United States"
200m,Men,33,1:56.0,Don Schollander,United States,1967-07-29,Pan American Games,"Winnipeg, Canada"
200m,Men,34,1:55.7,Don Schollander,United States,1967-08-12,AAU National Outdoor Championships,"Oak Park, United States"
200m,Men,35,1:54.8,Don Schollander,United States,1968-08-30,US Olympic Trials,"Long Beach, United States"
200m,Men,36,1:54.3,Don Schollander,United States,1968-08-30,US Olympic Trials,"Long Beach, United States"
200m,Men,36,1:54.3,Mark Spitz,United States,1969-07-12,Santa Clara Invitational,"Santa Clara, United States"
200m,Men,38,1:54.2,Mark Spitz,United States,1971-09-04,USA vs. GDR Dual Meet,"Leipzig, East Germany"
200m,Men,39,1:53.5,Mark Spitz,United States,1971-09-10,USA vs. USSR vs. GBR Meet,"Minsk, Soviet Union"
200m,Men,40,1:52.78,Mark Spitz,United States,1972-08-29,Olympic Games,"Munich, West Germany"
200m,Men,41,1:51.66,Tim Shaw,United States,1974-08-23,AAU National Outdoor Championships,"Concord, United States"
200m,Men,42,1:51.41,Bruce Furniss,United States,1975-06-18,US World Championship Trials,"Long Beach, United States"
200m,Men,43,1:50.89,Bruce Furniss,United States,1975-06-18,US World Championship Trials,"Long Beach, United States"
200m,Men,44,1:50.32,Bruce Furniss,United States,1975-08-21,AAU National Outdoor Championships,"Kansas City, United States"
200m,Men,45,1:50.29,Bruce Furniss,United States,1976-07-19,Olympic Games,"Montreal, Canada"
200m,Men,46,1:49.83,Sergey Kopliakov,Soviet Union,1979-04-07,USSR Vs. GDR Junior Meet,"Potsdam, East Germany"
200m,Men,47,1:49.16,Rowdy Gaines,United States,1980-04-11,AAU National Indoor Championships,"Austin, United States"
200m,Men,48,1:48.93,Rowdy Gaines,United States,1982-07-19,US World Championship Trials,"Mission Viejo, United States"
200m,Men,49,1:48.28,Michael Gross,West Germany,1983-06-22,FRG Nationals,"Hanover, West Germany"
200m,Men,50,1:47.87,Michael Gross,West Germany,1983-08-22,European Championships,"Rome, Italy"
200m,Men,51,1:47.55,Michael Gross,West Germany,1984-06-08,FRG Nationals,"Munich, West Germany"
200m,Men,52,1:47.44,Michael Gross,West Germany,1984-07-29,Olympic Games,"Los Angeles, United States"
200m,Men,53,1:47.25,Duncan Armstrong,Australia,1988-09-19,Olympic Games,"Seoul, South Korea"
200m,Men,54,1:46.69,Giorgio Lamberti,Italy,1989-08-15,European Championships,"Bonn, West Germany"
200m,Men,55,1:46.67,Grant Hackett,Australia,1999-03-23,Australian Championships,"Brisbane, Australia"
200m,Men,56,1:46.34,Ian Thorpe,Australia,1999-08-23,Pan Pacific Championships,"Sydney, Australia"
200m,Men,57,1:46.00,Ian Thorpe,Australia,1999-08-24,Pan Pacific Championships,"Sydney, Australia"
200m,Men,58,1:45.69,Ian Thorpe,Australia,2000-05-14,Australian Championships,"Sydney, Australia"
200m,Men,59,1:45.51,Ian Thorpe,Australia,2000-05-15,Australian Championships,"Sydney, Australia"
200m,Men,60,1:45.35,Pieter van den Hoogenband,Netherlands,2000-09-17,Olympic Games,"Sydney, Australia"
200m,Men,60,1:45.35,Pieter van den Hoogenband,Netherlands,2000-09-18,Olympic Games,"Sydney, Australia"
200m,Men,62,1:44.69,Ian Thorpe,Australia,2001-03-27,Australian Championships,"Hobart, Australia"
200m,Men,63,1:44.06,Ian Thorpe,Australia,2001-07-25,World Championships,"Fukuoka, Japan"
200m,Men,64,1:43.86,Michael Phelps,United States,2007-03-27,World Championships,"Melbourne, Australia"
200m,Men,65,1:42.96,Michael Phelps,United States,2008-08-12,Olympic Games,"Beijing, China"
200m,Men,66,1:42.00,Paul Biedermann,Germany,2009-07-25,World Championships,"Rome, Italy"
200m,Women,1,2:56.0,Fanny Durack,Australia,1915-03-04,-,"Sydney, Australia"
200m,Women,2,2:47.6,Charlotte Boyle,United States,1921-08-25,-,"New Brighton, United States"
200m,Women,3,2:45.2,Gertrude Ederle,United States,1923-04-04,-,"Brooklyn, United States"
200m,Women,4,2:40.6,Martha Norelius,United States,1926-02-28,-,"Miami, United States"
200m,Women,5,2:34.6,Helene Madison,United States,1930-03-06,-,"St. Augustine, United States"
200m,Women,6,2:28.6,Willy den Ouden,Netherlands,1933-05-03,-,"Rotterdam, Netherlands"
200m,Women,7,2:27.6,Willy den Ouden,Netherlands,1934-05-05,-,"Dundee, United Kingdom"
200m,Women,8,2:25.3,Willy den Ouden,Netherlands,1935-09-08,-,"Copenhagen, Denmark"
200m,Women,9,2:24.6,Rie van Veen,Netherlands,1938-02-26,-,"Rotterdam, Netherlands"
200m,Women,10,2:21.7,Ragnhild Hveger,Denmark,1938-09-11,-,"Aarhus, Denmark"
200m,Women,11,2:20.7,Dawn Fraser,Australia,1956-02-25,-,"Sydney, Australia"
200m,Women,12,2:19.3,Lorraine Crapp,Australia,1956-08-25,-,"Townsville, Australia"
200m,Women,13,2:18.5,Lorraine Crapp,Australia,1956-10-20,-,"Sydney, Australia"
200m,Women,14,2:17.7,Dawn Fraser,Australia,1958-02-10,-,"Adelaide, Australia"
200m,Women,15,2:14.7,Dawn Fraser,Australia,1958-02-22,-,"Melbourne, Australia"
200m,Women,16,2:11.6,Dawn Fraser,Australia,1960-02-27,-,"Sydney, Australia"
200m,Women,17,2:10.5,Lillian Watson,United States,1966-08-19,-,"Lincoln, United States"
200m,Women,18,2:09.7,Pam Kruse,United States,1967-08-19,US National Championships,"Philadelphia, United States"
200m,Women,19,2:09.5,Susan Pederson,United States,1968-07-06,Santa Clara International,"Santa Clara, United States"
200m,Women,20,2:08.8,Edith Wetzel,United States,1968-08-02,US National Championships,"Lincoln, United States"
200m,Women,21,2:07.9,Linda Gustavson,United States,1968-08-24,US Olympic Trials,"Los Angeles, United States"
200m,Women,22,2:06.7,Debbie Meyer,United States,1968-08-24,US Olympic Trials,"Los Angeles, United States"
200m,Women,23,2:06.5,Shane Gould,Australia,1971-05-01,Coca-Cola International,"London, United Kingdom"
200m,Women,24,2:05.8,Shane Gould,Australia,1971-11-26,-,"Sydney, Australia"
200m,Women,25,2:05.21,Shirley Babashoff,United States,1972-08-04,US Olympic Trials,"Chicago, United States"
200m,Women,26,2:03.56,Shane Gould,Australia,1972-09-01,Olympic Games,"Munich, West Germany"
200m,Women,27,2:03.22,Kornelia Ender,East Germany,1974-08-22,European Championships,"Vienna, Austria"
200m,Women,28,2:02.94,Shirley Babashoff,United States,1974-08-23,US National Championships,"Concord, United States"
200m,Women,28,2:02.94,Shirley Babashoff,United States,1974-08-31,USA vs East Germany Dual Meet,"Concord, United States"
200m,Women,30,2:02.27,Kornelia Ender,East Germany,1975-03-15,East Germany vs Soviet Union Dual Meet,"Dresden, East Germany"
200m,Women,31,1:59.78,Kornelia Ender,East Germany,1976-06-02,East German Championships,"East Berlin, East Germany"
200m,Women,32,1:59.26,Kornelia Ender,East Germany,1976-07-22,Olympic Games,"Montreal, Canada"
200m,Women,33,1:59.04,Barbara Krause,East Germany,1978-07-02,East German Championships,"East Berlin, East Germany"
200m,Women,34,1:58.53,Cynthia Woodhead,United States,1978-08-22,World Championships,"West Berlin, West Germany"
200m,Women,35,1:58.43,Cynthia Woodhead,United States,1979-07-03,Pan American Games,"San Juan, Puerto Rico"
200m,Women,36,1:58.23,Cynthia Woodhead,United States,1979-09-03,World Cup,"Tokyo, Japan"
200m,Women,37,1:57.75,Kristin Otto,East Germany,1984-05-23,East German Championships,"Magdeburg, East Germany"
200m,Women,38,1:57.55,Heike Friedrich,East Germany,1986-06-18,East German Championships,"East Berlin, East Germany"
200m,Women,39,1:56.78,Franziska van Almsick,Germany,1994-09-06,World Championships,"Rome, Italy"
200m,Women,40,1:56.64,Franziska van Almsick,Germany,2002-08-03,European Championships,"Berlin, Germany"
200m,Women,41,1:56.47,Federica Pellegrini,Italy,2007-03-27,World Championships,"Melbourne, Australia"
200m,Women,42,1:55.52,Laure Manaudou,France,2007-03-28,World Championships,"Melbourne, Australia"
200m,Women,43,1:55.45,Federica Pellegrini,Italy,2008-08-11,Olympic Games,"Beijing, China"
200m,Women,44,1:54.82,Federica Pellegrini,Italy,2008-08-13,Olympic Games,"Beijing, China"
200m,Women,45,1:54.47,Federica Pellegrini,Italy,2009-03-08,Italian Championships,"Riccione, Italy"
200m,Women,46,1:53.67,Federica Pellegrini,Italy,2009-07-28,World Championships,"Rome, Italy"
200m,Women,47,1:52.98,Federica Pellegrini,Italy,2009-07-29,World Championships,"Rome, Italy"
200m,Women,48,1:52.85,Mollie O'Callaghan,Australia,2023-07-26,World Championships,"Fukuoka, Japan"
200m,Women,49,1:52.23,Ariarne Titmus,Australia,2024-06-12,Australian Trials,"Brisbane, Australia"
400m,Men,1,5:36.8,Henry Taylor,Great Britain,1908-07-16,Olympic Games,"London, United Kingdom"
400m,Men,2,5:35.8,Sydney Battersby,Great Britain,1911-09-11,Local Meet (Kentish Town),"London, United Kingdom"
400m,Men,3,5:29.0,Alajos Kenyery,Hungary,1912-04-21,-,"Magdeburg, Germany"
400m,Men,4,5:28.4,Alajos Kenyery,Hungary,1912-06-05,-,"Budapest, Hungary"
400m,Men,5,5:24.4,George Hodgson,Canada,1912-07-14,Olympic Games,"Stockholm, Sweden"
400m,Men,6,5:21.6,Jack Hatfield,Great Britain,1912-09-26,Local Meet (Shoreditch),"London, United Kingdom"
400m,Men,7,5:14.6,Norman Ross,United States,1919-10-09,-,"Los Angeles, United States"
400m,Men,8,5:14.4,Norman Ross,United States,1921-09-25,-,"Brighton Beach, United States"
400m,Men,9,5:11.8,Arne Borg,Sweden,1922-04-09,Local Meet,"Stockholm, Sweden"
400m,Men,10,5:06.6,Johnny Weissmuller,United States,1922-06-22,-,"Honolulu, United States"
400m,Men,11,4:57.0,Johnny Weissmuller,United States,1923-03-06,-,"New Haven, United States"
400m,Men,12,4:54.7,Arne Borg,Sweden,1924-12-09,Local Meet,"Stockholm, Sweden"
400m,Men,13,4:50.3,Arne Borg,Sweden,1925-09-11,Local Meet,"Stockholm, Sweden"
400m,Men,14,4:47.0,Jean Taris,France,1931-04-16,Local Meet,"Paris, France"
400m,Men,15,4:46.4,Shozo Makino,Japan,1933-08-14,-,"Tokyo, Japan"
400m,Men,16,4:38.7,Jack Medica,United States,1934-08-30,-,"Honolulu, United States"
400m,Men,17,4:38.5,Bill Smith,United States,1941-05-13,-,"Honolulu, United States"
400m,Men,18,4:35.2,Alex Jany,France,1947-09-12,European Championships,"Monte Carlo, Monaco"
400m,Men,19,4:34.6,Hironoshin Furuhashi,Japan,1949-07-24,Local Meet,"Tokyo, Japan"
400m,Men,20,4:33.3,Hironoshin Furuhashi,Japan,1949-08-18,US National Championships,"Los Angeles, United States"
400m,Men,21,4:33.1,John Marshall,Australia,1950-03-11,Intercollegiate Event,"New Haven, United States"
400m,Men,22,4:29.5,John Marshall,Australia,1950-04-01,US National Indoor Championships,"New Haven, United States"
400m,Men,-,4:26.9,John Marshall,Australia,1951-03-24,Sanctioned Time Trial,"New Haven, United States"
400m,Men,-,4:26.7,Ford Konno,United States,1954-04-03,Intercollegiate Event,"New Haven, United States"
400m,Men,-,4:25.9,Murray Rose,Australia,1957-01-12,NSW Championships,"Sydney, Australia"
400m,Men,23,4:27.0,Murray Rose,Australia,1956-10-27,Australian Championships,"Melbourne, Australia"
400m,Men,24,4:25.9,John Konrads,Australia,1958-01-15,NSW Championships,"Sydney, Australia"
400m,Men,25,4:21.8,John Konrads,Australia,1959-01-12,Australian Championships,"Melbourne, Australia"
400m,Men,26,4:19.0,John Konrads,Australia,1959-02-07,International Swim Meet,"Sydney, Australia"
400m,Men,27,4:16.6,Tsuyoshi Yamanaka,Japan,1959-07-26,Japan-USA Water Competition,"Osaka, Japan"
400m,Men,28,4:15.9,John Konrads,Australia,1960-02-23,Australian Championships,"Sydney, Australia"
400m,Men,29,4:13.4,Murray Rose,Australia,1962-08-17,International Invitational,"Chicago, United States"
400m,Men,30,4:12.7,Don Schollander,United States,1964-07-31,US National Championships,"Los Altos, United States"
400m,Men,31,4:12.2,Don Schollander,United States,1964-10-15,Olympic Games,"Tokyo, Japan"
400m,Men,32,4:11.8,John Nelson,United States,1966-08-18,US National Championships,"Lincoln, United States"
400m,Men,33,4:11.6,Don Schollander,United States,1966-08-18,US National Championships,"Lincoln, United States"
400m,Men,34,4:11.1,Frank Wiegand,East Germany,1966-08-25,European Championships,"Utrecht, Netherlands"
400m,Men,35,4:10.6,Mark Spitz,United States,1967-06-25,Local Event,"Haywood, United States"
400m,Men,35,4:10.6,Alain Mosconi,France,1967-07-02,Local Event,"Monte Carlo, Monaco"
400m,Men,37,4:09.2,Alain Mosconi,France,1967-07-04,Local Event,"Monte Carlo, Monaco"
400m,Men,38,4:08.8,Mark Spitz,United States,1967-07-07,Santa Clara International,"Santa Clara, United States"
400m,Men,39,4:08.2,Greg Charlton,United States,1967-08-28,Summer Universiade,"Tokyo, Japan"
400m,Men,40,4:07.7,Mark Spitz,United States,1968-06-23,Annual Swimming Relays,"Haywood, United States"
400m,Men,41,4:06.5,Ralph Hutton,Canada,1968-08-01,US National Championships,"Lincoln, United States"
400m,Men,42,4:04.0,Hans-Joachim Fassnacht,West Germany,1969-08-14,US National Championships,"Louisville, United States"
400m,Men,43,4:02.8,John Kinsella,United States,1970-08-20,US National Championships,"Los Angeles, United States"
400m,Men,44,4:02.6,Gunnar Larsson,United States,1970-09-07,European Championships,"Barcelona, Spain"
400m,Men,45,4:02.1,Tom McBreen,United States,1971-08-25,US National Championships,"Houston, United States"
400m,Men,46,4:01.7,Brad Cooper,Australia,1972-02-12,Australian Championships,"Brisbane, Australia"
400m,Men,47,4:00.11,Kurt Krumpholz,United States,1972-08-04,US Olympic Trials,"Chicago, United States"
400m,Men,48,3:58.18,Rick DeMont,United States,1973-09-09,World Championships,"Belgrade, Yugoslavia"
400m,Men,49,3:56.96,Tim Shaw,United States,1974-08-22,US National Championships,"Concord, United States"
400m,Men,50,3:54.69,Tim Shaw,United States,1974-08-22,US National Championships,"Concord, United States"
400m,Men,51,3:53.95,Tim Shaw,United States,1975-06-19,US World Championship Trials,"Long Beach, United States"
400m,Men,52,3:53.31,Tim Shaw,United States,1975-08-20,US National Championships,"Kansas City, United States"
400m,Men,53,3:53.08,Brian Goodell,United States,1976-06-18,US Olympic Trials,"Long Beach, United States"
400m,Men,54,3:51.93,Brian Goodell,United States,1976-07-22,Olympic Games,"Montreal, Canada"
400m,Men,55,3:51.56,Brian Goodell,United States,1977-08-27,USA vs East Germany Dual Meet,"West Berlin, West Germany"
400m,Men,56,3:51.41,Vladimir Salnikov,Soviet Union,1979-04-06,Soviet Union vs East Germany Junior Meet,"Potsdam, East Germany"
400m,Men,57,3:51.40,Vladimir Salnikov,Soviet Union,1979-08-19,Soviet Union vs Canada Dual Meet,"Moscow, Soviet Union"
400m,Men,58,3:51.20,Vladimir Salnikov,Soviet Union,1980-02-29,Soviet Union Winter Championships,"Potsdam, East Germany"
400m,Men,59,3:50.49,Peter Szmidt,Canada,1980-07-16,Canadian Championships,"Etobicoke, Canada"
400m,Men,60,3:49.57,Vladimir Salnikov,Soviet Union,1982-03-12,Soviet Union vs East Germany Dual Meet,"Moscow, Soviet Union"
400m,Men,60,3:49.57,Vladimir Salnikov,Soviet Union,1982-07-14,Soviet Union Championships,"Kiev, Soviet Union"
400m,Men,62,3:48.32,Vladimir Salnikov,Soviet Union,1983-02-19,Soviet Union Winter Championships,"Moscow, Soviet Union"
400m,Men,63,3:47.80,Michael Gross,West Germany,1985-06-27,West German Championships,"Wuppertal, West Germany"
400m,Men,64,3:47.38,Artur Wojdat,Poland,1988-03-25,US National Championships,"Orlando, United States"
400m,Men,65,3:46.95,Uwe Dassler,East Germany,1988-09-23,Olympic Games,"Seoul, South Korea"
400m,Men,66,3:46.47,Kieren Perkins,Australia,1992-04-03,Australian Championships,"Canberra, Australia"
400m,Men,67,3:45.00,Yevgeny Sadovyi,Unified Team at the Olympics,1992-07-29,Olympic Games,"Barcelona, Spain"
400m,Men,68,3:43.80,Kieren Perkins,Australia,1994-09-05,World Championships,"Rome, Italy"
400m,Men,69,3:41.83,Ian Thorpe,Australia,1999-08-22,Pan Pacific Championships,"Sydney, Australia"
400m,Men,70,3:41.33,Ian Thorpe,Australia,2000-05-13,Australian Championships,"Sydney, Australia"
400m,Men,71,3:40.59,Ian Thorpe,Australia,2000-09-16,Olympic Games,"Sydney, Australia"
400m,Men,72,3:40.17,Ian Thorpe,Australia,2001-07-22,World Championships,"Fukuoka, Japan"
400m,Men,73,3:40.08,Ian Thorpe,Australia,2002-07-30,Commonwealth Games,"Manchester, United Kingdom"
400m,Men,74,3:40.07,Paul Biedermann,Germany,2009-07-26,World Championships,"Rome, Italy"
400m,Men,75,3:39.96,Lukas Märtens,Germany,2025-04-12,Stockholm Open,"Stockholm, Sweden"
400m,Women,1,6:30.2,Ethelda Bleibtrey,United States,1919-08-16,-,"New York City, United States"
400m,Women,2,6:16.6,Hilda James,Great Britain,1921-07-29,-,"Leeds, United Kingdom"
400m,Women,3,5:53.2,Gertrude Ederle,United States,1922-08-04,-,"Indianapolis, United States"
400m,Women,4,5:51.4,Martha Norelius,United States,1927-01-23,-,"Coral Gables, United States"
400m,Women,5,5:49.6,Martha Norelius,United States,1928-06-30,-,"New York City, United States"
400m,Women,6,5:42.8,Martha Norelius,United States,1928-08-06,Olympic Games,"Amsterdam, Netherlands"
400m,Women,7,5:39.2,Martha Norelius,United States,1928-08-27,-,"Vienna, Austria"
400m,Women,8,5:31.0,Helene Madison,United States,1931-02-03,-,"Seattle, United States"
400m,Women,9,5:28.5,Helene Madison,United States,1932-08-13,-,"Los Angeles, United States"
400m,Women,10,5:16.0,Willy den Ouden,Netherlands,1934-07-12,-,"Rotterdam, Netherlands"
400m,Women,11,5:14.2,Ragnhild Hveger,Denmark,1937-02-10,-,"Copenhagen, Denmark"
400m,Women,12,5:14.0,Ragnhild Hveger,Denmark,1937-10-03,-,"Ghent, Belgium"
400m,Women,13,5:12.4,Ragnhild Hveger,Denmark,1937-11-14,-,"Magdeburg, Germany"
400m,Women,14,5:11.0,Ragnhild Hveger,Denmark,1937-12-12,-,"Copenhagen, Denmark"
400m,Women,15,5:08.2,Ragnhild Hveger,Denmark,1938-01-16,-,"Copenhagen, Denmark"
400m,Women,16,5:06.1,Ragnhild Hveger,Denmark,1938-08-01,-,"Copenhagen, Denmark"
400m,Women,17,5:05.4,Ragnhild Hveger,Denmark,1940-09-08,-,"Svendborg, Denmark"
400m,Women,18,5:00.1,Ragnhild Hveger,Denmark,1940-09-15,-,"Copenhagen, Denmark"
400m,Women,19,4:50.8,Lorraine Crapp,Australia,1956-08-25,-,"Townsville, Australia"
400m,Women,20,4:47.2,Lorraine Crapp,Australia,1956-10-20,-,"Sydney, Australia"
400m,Women,21,4:45.4,Ilsa Konrads,Australia,1960-01-09,-,"Sydney, Australia"
400m,Women,22,4:44.5,Chris von Saltza,United States,1960-08-05,US Olympic Trials,"Detroit, United States"
400m,Women,23,4:42.0,Marilyn Ramenofsky,United States,1964-07-11,-,"Los Altos, United States"
400m,Women,24,4:41.7,Marilyn Ramenofsky,United States,1964-08-01,US National Championships,"Los Altos, United States"
400m,Women,25,4:39.5,Marilyn Ramenofsky,United States,1964-08-31,-,"New York City, United States"
400m,Women,26,4:39.2,Martha Randall,United States,1965-08-14,-,"Maumee, United States"
400m,Women,27,4:38.0,Martha Randall,United States,1965-08-26,-,Monaco
400m,Women,28,4:36.8,Pam Kruse,United States,1967-06-30,-,"Fort Lauderdale, United States"
400m,Women,29,4:36.4,Pam Kruse,United States,1967-07-07,Santa Clara International,"Santa Clara, United States"
400m,Women,30,4:32.6,Debbie Meyer,United States,1967-07-27,Pan American Games,"Winnipeg, Canada"
400m,Women,31,4:29.0,Debbie Meyer,United States,1967-08-18,US National Championships,"Philadelphia, United States"
400m,Women,32,4:26.7,Debbie Meyer,United States,1967-08-01,US National Championships,"Lincoln, United States"
400m,Women,33,4:24.6,Debbie Meyer,United States,1968-08-25,US Olympic Trials,"Los Angeles, United States"
400m,Women,34,4:24.3,Debbie Meyer,United States,1970-08-20,US National Championships,"Los Angeles, United States"
400m,Women,35,4:22.6,Karen Moras,Australia,1971-04-30,Coca-Cola International,"London, United Kingdom"
400m,Women,36,4:21.2,Shane Gould,Australia,1971-07-09,Santa Clara International,"Santa Clara, United States"
400m,Women,37,4:19.04,Shane Gould,Australia,1972-08-30,Olympic Games,"Munich, West Germany"
400m,Women,38,4:18.07,Keena Rothhammer,United States,1973-08-22,US National Championships,"Louisville, United States"
400m,Women,39,4:17.33,Heather Greenwood,United States,1974-06-28,Santa Clara International,"Santa Clara, United States"
400m,Women,40,4:15.77,Shirley Babashoff,United States,1974-08-22,US National Championships,"Concord, United States"
400m,Women,41,4:14.76,Shirley Babashoff,United States,1975-06-20,US World Championships Trials,"Long Beach, United States"
400m,Women,42,4:11.69,Barbara Krause,East Germany,1976-06-03,East German Championships,"East Berlin, East Germany"
400m,Women,43,4:09.89,Petra Thümer,East Germany,1976-07-20,Olympic Games,"Montreal, Canada"
400m,Women,44,4:08.91,Petra Thümer,East Germany,1977-08-17,European Championships,"Jönköping, Sweden"
400m,Women,45,4:07.66,Kim Linehan,United States,1978-08-02,US National Championships,"The Woodlands, United States"
400m,Women,46,4:06.28,Tracey Wickham,Australia,1978-08-24,World Championships,"West Berlin, West Germany"
400m,Women,47,4:05.45,Janet Evans,United States,1987-12-20,US Open,"Orlando, United States"
400m,Women,48,4:03.85,Janet Evans,United States,1988-09-22,Olympic Games,"Seoul, South Korea"
400m,Women,49,4:03.03,Laure Manaudou,France,2006-05-12,French Championships,"Tours, France"
400m,Women,50,4:02.13,Laure Manaudou,France,2006-08-06,European Championships,"Budapest, Hungary"
400m,Women,51,4:01.53,Federica Pellegrini,Italy,2008-03-24,European Championships,"Eindhoven, Netherlands"
400m,Women,52,4:00.66,Joanne Jackson,Great Britain,2009-03-16,British Championships,"Sheffield, Great Britain"
400m,Women,53,4:00.41,Federica Pellegrini,Italy,2009-06-27,Mediterranean Games,"Pescara, Italy"
400m,Women,54,3:59.15,Federica Pellegrini,Italy,2009-07-26,World Championships,"Rome, Italy"
400m,Women,55,3:58.86,Katie Ledecky,United States,2014-08-09,US National Championships,"Irvine, United States"
400m,Women,56,3:58.37,Katie Ledecky,United States,2014-08-23,Pan Pacific Championships,"Gold Coast, Australia"
400m,Women,57,3:56.46,Katie Ledecky,United States,2016-08-07,Olympic Games,"Rio de Janeiro, Brazil"
400m,Women,58,3:56.40,Ariarne Titmus,Australia,2022-05-22,Australian Championships,"Adelaide, Australia"
400m,Women,59,3:56.08,Summer McIntosh,Canada,2023-03-28,Canadian Trials,"Toronto, Canada"
400m,Women,60,3:55.38,Ariarne Titmus,Australia,2023-07-23,World Championships,"Fukuoka, Japan"
400m,Women,61,3:54.18,Summer McIntosh,Canada,2025-06-07,Canadian Trials,"Victoria, Canada"
800m,Men,1,11:25.4,Henry Taylor,Great Britain,1906-07-21,-,"Runcorn, United Kingdom"
800m,Men,2,11:24.2,Norman Ross,United States,1920-01-10,-,"Sydney, Australia"
800m,Men,3,11:05.2,Boy Charlton,Australia,1923-01-13,-,"Sydney, Australia"
800m,Men,4,10:51.8,Boy Charlton,Australia,1924-01-19,-,"Sydney, Australia"
800m,Men,5,10:43.6,Arne Borg,Sweden,1924-04-11,-,"Honolulu, Hawaii"
800m,Men,6,10:37.4,Arne Borg,Sweden,1925-08-25,-,"Harnäs, Sweden"
800m,Men,7,10:32.0,Boy Charlton,Australia,1927-01-08,-,"Sydney, Australia"
800m,Men,8,10:22.2,Johnny Weissmuller,United States,1927-07-27,-,"Honolulu, Hawaii"
800m,Men,9,10:19.6,Jean Taris,France,1930-05-30,-,"Paris, France"
800m,Men,10,10:17.2,Jean Taris,France,1931-06-09,-,"Cannes, France"
800m,Men,11,10:16.6,Shozo Makino,Japan,1931-08-30,-,"Osaka, Japan"
800m,Men,12,10:15.6,Jean Taris,France,1932-06-21,-,"Cannes, France"
800m,Men,13,10:08.6,Shozo Makino,Japan,1933-06-25,-,"Tokyo, Japan"
800m,Men,14,10:01.2,Shozo Makino,Japan,1933-09-16,-,"Tokyo, Japan"
800m,Men,15,9:55.8,Shozo Makino,Japan,1934-09-15,-,"Tokyo, Japan"
800m,Men,16,9:50.9,Bill Smith,United States,1941-07-24,-,"Honolulu, Hawaii"
800m,Men,17,9:45.6,Hironoshin Furuhashi,Japan,1949-06-26,-,"Tokyo, Japan"
800m,Men,18,9:45.0,Shiro Hashizume,Japan,1949-08-16,-,"Los Angeles, United States"
800m,Men,19,9:40.7,Hironoshin Furuhashi,Japan,1949-08-16,-,"Los Angeles, United States"
800m,Men,20,9:35.5,Hironoshin Furuhashi,Japan,1949-08-16,-,"Los Angeles, United States"
800m,Men,21,9:30.7,Ford Konno,United States,1951-07-07,-,"Honolulu, Hawaii"
800m,Men,22,9:15.7,George Breen,United States,1956-10-27,-,"New Haven, United States"
800m,Men,23,9:17.7,John Konrads,Australia,1958-01-11,-,"Sydney, Australia"
800m,Men,24,9:14.5,John Konrads,Australia,1958-02-22,-,"Melbourne, Australia"
800m,Men,25,8:59.6,John Konrads,Australia,1959-01-10,-,"Sydney, Australia"
800m,Men,26,8:51.5,Murray Rose,Australia,1962-08-26,-,"Los Altos, United States"
800m,Men,27,8:47.4,Semyon Belits-Geiman,Soviet Union,1966-08-03,-,"Kharkiv, Soviet Union"
800m,Men,28,8:47.3,John Bennett,Australia,1967-01-16,-,"Sydney, Australia"
800m,Men,29,8:46.8,Alain Mosconi,France,1967-07-05,-,"Monaco, Monaco"
800m,Men,30,8:42.0,Francis Luyce,France,1967-07-21,-,"Dinard, France"
800m,Men,31,8:34.3,Mike Burton,United States,1968-09-03,USA Olympic Trials,"Long Beach, United States"
800m,Men,32,8:28.8,Mike Burton,United States,1969-08-17,AAU Nationals,"Louisville, United States"
800m,Men,33,8:28.6,Graham Windeatt,Australia,1971-04-03,NSW Combined High Schools Championships,"Sydney, Australia"
800m,Men,34,8:23.8,Brad Cooper,Australia,1972-01-12,NSW State Championships,"Sydney, Australia"
800m,Men,35,8:17.60,Stephen Holland,Australia,1973-08-05,Pre World Championship meet,"Brisbane, Australia"
800m,Men,36,8:16.27,Stephen Holland,Australia,1973-09-08,World Championships,"Belgrade, Yugoslavia"
800m,Men,37,8:15.88,Stephen Holland,Australia,1974-01-01,Commonwealth Games,"Christchurch, New Zealand"
800m,Men,38,8:15.2,Stephen Holland,Australia,1975-01-17,QLD State Championships,"Brisbane, Australia"
800m,Men,39,8:15.02,Stephen Holland,Australia,1975-01-25,New Zealand Games,"Christchurch, New Zealand"
800m,Men,40,8:13.68,Tim Shaw,United States,1975-06-21,USA World Championship Trials,"Long Beach, United States"
800m,Men,41,8:09.60,Tim Shaw,United States,1975-07-13,Pre World Championship meet,"Mission Viejo, United States"
800m,Men,42,8:06.27,Stephen Holland,Australia,1976-02-27,Australian Olympic Trials,"Sydney, Australia"
800m,Men,43,8:02.91,Stephen Holland,Australia,1976-02-29,Australian Olympic Trials,"Sydney, Australia"
800m,Men,44,8:01.54,Bobby Hackett,United States,1976-06-21,USA Olympic Trials,"Long Beach, United States"
800m,Men,45,7:56.49,Vladimir Salnikov,Soviet Union,1979-03-23,URS vs. GDR Duel,"Minsk, Soviet Union"
800m,Men,46,7:52.83,Vladimir Salnikov,Soviet Union,1982-02-14,URS Winter Nationals,"Moscow, Soviet Union"
800m,Men,47,7:52.23,Vladimir Salnikov,Soviet Union,1983-07-14,Los Angeles International,"Los Angeles, United States"
800m,Men,48,7:50.64,Vladimir Salnikov,Soviet Union,1986-07-04,Goodwill Games,"Moscow, Soviet Union"
800m,Men,49,7:47.85,Kieren Perkins,Australia,1991-08-25,Pan Pacific Championships,"Edmonton, Canada"
800m,Men,50,7:46.60,Kieren Perkins,Australia,1992-02-16,NSW Age Group Championships,"Sydney, Australia"
800m,Men,51,7:46.00,Kieren Perkins,Australia,1994-08-24,Commonwealth Games,"Victoria, Canada"
800m,Men,52,7:41.59,Ian Thorpe,Australia,2001-03-26,Australian Championships,"Hobart, Australia"
800m,Men,53,7:39.16,Ian Thorpe,Australia,2001-07-24,World Championships,"Fukuoka, Japan"
800m,Men,54,7:38.65,Grant Hackett,Australia,2005-07-27,World Championships,"Montreal, Canada"
800m,Men,55,7:32.12,Zhang Lin,China,2009-07-29,World Championships,"Rome, Italy"
800m,Women,1,13:19.0,Gertrude Ederle,United States,1919-08-17,-,"Indianapolis, United States"
800m,Women,2,12:58.2,Ethel McGary,United States,1919-08-17,-,"Detroit, United States"
800m,Women,3,12:56.0,Ethel McGary,United States,1925-08-15,-,"Indianapolis, United States"
800m,Women,4,12:47.2,Martha Norelius,United States,1926-08-07,-,"Philadelphia, United States"
800m,Women,5,12:17.8,Martha Norelius,United States,1927-07-31,-,"Massapequa, United States"
800m,Women,6,12:03.8,Josephine McKim,United States,1929-08-10,-,"Honolulu, Hawaii"
800m,Women,7,11:41.2,Helene Madison,United States,1930-07-06,-,"Long Beach, United States"
800m,Women,8,12:18.8,Yvonne Godard,France,1931-07-23,-,"Paris, France"
800m,Women,9,11:44.0,Lenore Kight,United States,1933-07-23,-,"Jones Beach, United States"
800m,Women,10,11:34.4,Lenore Kight,United States,1935-07-21,-,"Manhattan Beach, United States"
800m,Women,11,11:11.7,Ragnhild Hveger,Denmark,1936-07-03,-,"Copenhagen, Denmark"
800m,Women,12,10:52.5,Ragnhild Hveger,Denmark,1941-08-13,-,"Copenhagen, Denmark"
800m,Women,13,10:42.4,Valéria Gyenge,Hungary,1953-06-28,-,"Budapest, Hungary"
800m,Women,14,10:30.9,Lorraine Crapp,Australia,1956-01-14,-,"Sydney, Australia"
800m,Women,15,10:27.3,Mary Kok,Netherlands,1957-02-16,-,"Durban, South Africa"
800m,Women,16,10:17.7,Ilsa Konrads,Australia,1958-01-09,-,"Sydney, Australia"
800m,Women,17,10:16.2,Ilsa Konrads,Australia,1958-02-20,-,"Melbourne, Australia"
800m,Women,18,10:11.8,Ilsa Konrads,Australia,1958-06-13,-,"Townsville, Australia"
800m,Women,19,10:11.4,Ilsa Konrads,Australia,1959-02-19,-,"Hobart, Australia"
800m,Women,20,9:55.6,Jane Cederqvist,Sweden,1960-08-17,-,"Uppsala, Sweden"
800m,Women,21,9:51.6,Carolyn House,United States,1962-08-26,-,"Los Altos, United States"
800m,Women,22,9:47.3,Patty Caretto,United States,1964-07-30,-,"Los Altos, United States"
800m,Women,23,9:36.9,Sharon Finneran,United States,1964-09-28,-,"Los Angeles, United States"
800m,Women,24,9:35.8,Debbie Meyer,United States,1967-07-09,Santa Clara Invitational,"Santa Clara, United States"
800m,Women,25,9:22.9,Debbie Meyer,United States,1967-07-29,Pan American Games,"Winnipeg, Canada"
800m,Women,26,9:19.0,Debbie Meyer,United States,1968-07-21,-,"Los Angeles, United States"
800m,Women,27,9:17.8,Debbie Meyer,United States,1968-08-04,US National Championships,"Lincoln, Nebraska, United States"
800m,Women,28,9:10.4,Debbie Meyer,United States,1968-08-28,US Olympic Trials,"Los Angeles, United States"
800m,Women,29,9:09.1,Karen Moras,Australia,1970-03-01,Australian Championships,"Sydney, Australia"
800m,Women,30,9:02.45,Karen Moras,Australia,1970-07-18,Commonwealth Games,"Edinburgh, United Kingdom"
800m,Women,31,8:59.4,Ann Simmons,United States,1971-09-10,USA vs USSR vs Great Britain Dual Meet,"Minsk, Soviet Union"
800m,Women,32,8:58.1,Shane Gould,Australia,1971-12-03,-,"Sydney, Australia"
800m,Women,33,8:53.83,Jo Harshbarger,United States,1972-08-06,US Olympic Trials,"Chicago, Illinois, United States"
800m,Women,34,8:53.68,Keena Rothhammer,United States,1972-09-03,Olympic Games,"Munich, West Germany"
800m,Women,35,8:52.97,Novella Calligaris,Italy,1973-09-09,World Championships,"Belgrade, Yugoslavia"
800m,Women,36,8:50.10,Jennifer Turrall,Australia,1974-01-05,NSW Championships,"Sydney, Australia"
800m,Women,37,8:47.66,Jo Harshbarger,United States,1974-08-25,US National Championships,"Concord, United States"
800m,Women,38,8:47.59,Jo Harshbarger,United States,1974-08-31,USA vs East Germany Dual Meet,"Concord, United States"
800m,Women,39,8:43.48,Jennifer Turrall,Australia,1975-03-31,Coca-Cola International,"London, United Kingdom"
800m,Women,40,8:40.68,Petra Thümer,East Germany,1976-06-04,East German Championships,"East Berlin, East Germany"
800m,Women,41,8:39.63,Shirley Babashoff,United States,1976-06-21,USA Olympic Trials,"Long Beach, United States"
800m,Women,42,8:37.14,Petra Thümer,East Germany,1976-07-25,Olympic Games,"Montreal, Canada"
800m,Women,43,8:35.04,Petra Thümer,East Germany,1977-07-09,East German Championships,"Leipzig, East Germany"
800m,Women,44,8:34.86,Michelle Ford,Australia,1978-01-06,KBI meet,"Brisbane, Australia"
800m,Women,45,8:31.30,Michelle Ford,Australia,1978-01-21,NSW Championships,"Sydney, Australia"
800m,Women,46,8:30.53,Tracey Wickham,Australia,1978-02-21,Australian Championships,"Brisbane, Australia"
800m,Women,47,8:24.62,Tracey Wickham,Australia,1978-08-05,Commonwealth Games,"Edmonton, Canada"
800m,Women,48,8:22.44,Janet Evans,United States,1987-07-27,US National Championships,"Clovis, United States"
800m,Women,49,8:19.53,Anke Möhring,East Germany,1987-08-19,European Championships,"Strasbourg, France"
800m,Women,50,8:17.12,Janet Evans,United States,1988-03-22,US Spring National Championships,"Orlando, United States"
800m,Women,51,8:16.22,Janet Evans,United States,1989-08-20,Pan Pacific Championships,"Tokyo, Japan"
800m,Women,52,8:14.10,Rebecca Adlington,Great Britain,2008-08-16,Olympic Games,"Beijing, China"
800m,Women,53,8:13.86,Katie Ledecky,United States,2013-08-03,World Championships,"Barcelona, Spain"
800m,Women,54,8:11.00,Katie Ledecky,United States,2014-06-22,Woodlands Senior Invitational,"Shenandoah, United States"
800m,Women,55,8:07.39,Katie Ledecky,United States,2015-08-08,World Championships,"Kazan, Russia"
800m,Women,56,8:06.68,Katie Ledecky,United States,2016-01-17,Arena Pro Swim Series,"Austin, United States"
800m,Women,57,8:04.79,Katie Ledecky,United States,2016-08-12,Olympic Games,"Rio de Janeiro, Brazil"
800m,Women,58,8:04.12,Katie Ledecky,United States,2025-05-03,TYR Pro Swim Series,"Fort Lauderdale, United States"
1500m,Men,1,22:48.4,Henry Taylor,Great Britain,1908-07-25,Olympic Games,"London, United Kingdom"
1500m,Men,2,22:00.0,George Hodgson,Canada,1912-07-10,Olympic Games,"Stockholm, Sweden"
1500m,Men,3,21:35.3,Arne Borg,Sweden,1923-07-08,-,"Gothenburg, Sweden"
1500m,Men,4,21:15.0,Arne Borg,Sweden,1924-01-30,-,"Sydney, Australia"
1500m,Men,5,21:11.4,Arne Borg,Sweden,1924-07-13,-,"Paris, France"
1500m,Men,6,20:06.6,Boy Charlton,Australia,1924-07-15,Olympic Games,"Paris, France"
1500m,Men,7,20:04.4,Arne Borg,Sweden,1926-08-18,-,"Budapest, Hungary"
1500m,Men,8,19:07.2,Arne Borg,Sweden,1927-09-02,European Championships,"Bologna, Italy"
1500m,Men,9,18:58.8,Tomikatsu Amano,Japan,1938-08-10,-,"Tokyo, Japan"
1500m,Men,10,18:35.7,Shiro Hashizume,Japan,1949-08-16,-,"Los Angeles, United States"
1500m,Men,11,18:19.0,Hironoshin Furuhashi,Japan,1949-08-16,-,"Los Angeles, United States"
1500m,Men,12,18:05.9,George Breen,United States,1956-05-03,-,"New Haven, United States"
1500m,Men,13,17:59.5,Murray Rose,Australia,1956-10-30,-,"Melbourne, Australia"
1500m,Men,14,17:52.9,George Breen,United States,1956-12-05,-,"Melbourne, Australia"
1500m,Men,15,17:28.7,John Konrads,Australia,1958-02-22,-,"Melbourne, Australia"
1500m,Men,16,17:11.0,John Konrads,Australia,1960-02-27,-,"Sydney, Australia"
1500m,Men,17,17:05.5,Roy Saari,United States,1963-08-17,-,"Tokyo, Japan"
1500m,Men,18,17:01.8,Murray Rose,Australia,1964-08-02,-,"Los Altos, United States"
1500m,Men,19,16:58.7,Roy Saari,United States,1964-09-02,-,"New York City, United States"
1500m,Men,20,16:58.6,Stephen Krause,United States,1965-08-15,-,"Maumee, United States"
1500m,Men,21,16:41.6,Mike Burton,United States,1966-08-21,-,"Lincoln, United States"
1500m,Men,22,16:34.1,Mike Burton,United States,1967-08-13,US National Championships,"Oak Park, United States"
1500m,Men,23,16:28.1,Guillermo Echevarria,Mexico,1968-07-07,Santa Clara Invitational,"Santa Clara, United States"
1500m,Men,24,16:08.6,Mike Burton,United States,1968-09-03,US Olympic Trials,"Long Beach, United States"
1500m,Men,25,16:04.5,Mike Burton,United States,1969-08-17,US National Championships,"Louisville, United States"
1500m,Men,26,15:57.10,John Kinsella,United States,1970-08-23,US National Championships,"Los Angeles, United States"
1500m,Men,27,15:52.91,Rick DeMont,United States,1972-08-06,US Olympic Trials,"Chicago, United States"
1500m,Men,28,15:52.58,Mike Burton,United States,1972-09-04,Olympic Games,"Munich, West Germany"
1500m,Men,29,15:37.80,Stephen Holland,Australia,1973-08-05,Pre World Championship meet,"Brisbane, Australia"
1500m,Men,30,15:31.85,Stephen Holland,Australia,1973-09-08,World Championships,"Belgrade, Yugoslavia"
1500m,Men,31,15:31.75,Tim Shaw,United States,1974-08-25,US National Championships,"Concord, United States"
1500m,Men,32,15:27.79,Stephen Holland,Australia,1975-01-25,New Zealand Games,"Christchurch, New Zealand"
1500m,Men,33,15:20.91,Tim Shaw,United States,1975-06-21,US World Championship Trials,"Long Beach, United States"
1500m,Men,34,15:10.89,Stephen Holland,Australia,1976-02-27,Australian Championships,"Sydney, Australia"
1500m,Men,35,15:06.66,Brian Goodell,United States,1976-06-21,US Olympic Trials,"Long Beach, United States"
1500m,Men,36,15:02.40,Brian Goodell,United States,1976-07-20,Olympic Games,"Montreal, Canada"
1500m,Men,37,14:58.27,Vladimir Salnikov,Soviet Union,1980-07-22,Olympic Games,"Moscow, Soviet Union"
1500m,Men,38,14:56.35,Vladimir Salnikov,Soviet Union,1982-03-13,Soviet Union vs East Germany Dual Meet,"Moscow, Soviet Union"
1500m,Men,39,14:54.76,Vladimir Salnikov,Soviet Union,1983-02-22,Soviet Union Winter Championships,"Moscow, Soviet Union"
1500m,Men,-,14:53.59,Glen Housman,Australia,1989-12-13,Australian Trials,"Adelaide, Australia"
1500m,Men,40,14:50.36,Jörg Hoffmann,Germany,1991-01-13,World Championships,"Perth, Australia"
1500m,Men,41,14:48.40,Kieren Perkins,Australia,1992-04-05,Australian Championships,"Canberra, Australia"
1500m,Men,42,14:43.48,Kieren Perkins,Australia,1992-07-31,Olympic Games,"Barcelona, Spain"
1500m,Men,43,14:41.66,Kieren Perkins,Australia,1994-08-24,Commonwealth Games,"Victoria, Canada"
1500m,Men,44,14:34.56,Grant Hackett,Australia,2001-07-29,World Championships,"Fukuoka, Japan"
1500m,Men,45,14:34.14,Sun Yang,China,2011-07-31,World Championships,"Shanghai, China"
1500m,Men,46,14:31.02,Sun Yang,China,2012-08-04,Olympic Games,"London, United Kingdom"
1500m,Men,47,14:30.67,Bobby Finke,United States,2024-08-04,Olympic Games,"Paris, France"
1500m,Men,48,14:26.79,Johannes Liebmann,Germany,2026-08-15,European Championships,"Paris, France"
1500m,Women,1,25:06.6,Helen Wainwright,United States,1922-08-19,-,"New York City, United States"
1500m,Women,2,24:07.6,Ethel McGary,United States,1925-12-31,-,"Coral Gables, United States"
1500m,Women,3,24:00.2,Edith Mayne,Great Britain,1926-09-15,-,"Exmouth, United Kingdom"
1500m,Women,4,23:44.6,Martha Norelius,United States,1927-07-28,-,"Massapequa, United States"
1500m,Women,5,23:17.2,Helene Madison,United States,1931-07-15,-,"New York City, United States"
1500m,Women,6,22:36.7,Grete Frederiksen,Denmark,1936-06-26,-,"Copenhagen, Denmark"
1500m,Women,7,21:45.7,Ragnhild Hveger,Denmark,1938-07-03,-,"Helsinki, Finland"
1500m,Women,8,21:10.1,Ragnhild Hveger,Denmark,1940-08-11,-,"Helsinki, Finland"
1500m,Women,9,20:57.0,Ragnhild Hveger,Denmark,1941-08-20,-,"Copenhagen, Denmark"
1500m,Women,10,20:46.5,Lenie de Nijs,Netherlands,1955-07-23,-,"Utrecht, Netherlands"
1500m,Women,11,20:22.8,Jans Koster,Netherlands,1956-08-21,-,"Utrecht, Netherlands"
1500m,Women,12,20:03.1,Jans Koster,Netherlands,1957-07-27,-,"Hilversum, Netherlands"
1500m,Women,13,19:25.7,Ilsa Konrads,Australia,1960-01-13,-,"Sydney, Australia"
1500m,Women,14,19:23.6,Jane Cederqvist,Sweden,1960-09-08,-,"Uppsala, Sweden"
1500m,Women,15,19:02.8,Margareta Rylander,Sweden,1961-06-27,-,"Uppsala, Sweden"
1500m,Women,16,18:44.0,Carolyn House,United States,1962-08-16,-,"Chicago, United States"
1500m,Women,17,18:30.5,Patty Caretto,United States,1964-07-30,-,"Los Altos, United States"
1500m,Women,18,18:23.7,Patty Caretto,United States,1965-08-12,-,"Los Altos, United States"
1500m,Women,19,18:12.9,Patty Caretto,United States,1966-08-21,-,"Lincoln, United States"
1500m,Women,20,18:11.1,Debbie Meyer,United States,1967-07-09,Santa Clara Invitational,"Santa Clara, United States"
1500m,Women,21,17:50.2,Debbie Meyer,United States,1967-08-20,AAU Nationals,"Philadelphia, United States"
1500m,Women,22,17:31.2,Debbie Meyer,United States,1968-08-21,-,"Los Angeles, United States"
1500m,Women,23,17:19.9,Debbie Meyer,United States,1969-08-17,AAU Nationals,"Louisville, United States"
1500m,Women,24,17:19.20,Cathy Calhoun,United States,1971-08-28,AAU Nationals,"Houston, United States"
1500m,Women,25,17:00.6,Shane Gould,Australia,1971-12-12,-,"Sydney, Australia"
1500m,Women,26,16:56.9,Shane Gould,Australia,1973-02-11,Australian Championships,"Adelaide, Australia"
1500m,Women,27,16:54.14,Jo Harshbarger,United States,1973-08-25,USA World Championship Trials,"Louisville, United States"
1500m,Women,28,16:49.9,Jennifer Turrall,Australia,1973-12-09,Top-level meet,"Sydney, Australia"
1500m,Women,29,16:48.2,Jennifer Turrall,Australia,1974-01-09,NSW State Championships,"Sydney, Australia"
1500m,Women,30,16:43.4,Jennifer Turrall,Australia,1974-07-13,-,"Sydney, Australia"
1500m,Women,31,16:39.28,Jennifer Turrall,Australia,1974-08-03,Los Angeles Invitational,"Los Angeles, United States"
1500m,Women,32,16:33.94,Jennifer Turrall,Australia,1974-08-25,AAU Nationals,"Concord, United States"
1500m,Women,33,16:24.60,Alice Browne,United States,1977-08-21,AAU Nationals,"Mission Viejo, United States"
1500m,Women,34,16:14.93,Tracey Wickham,Australia,1978-02-08,Invitational,"Brisbane, Australia"
1500m,Women,35,16:06.63,Tracey Wickham,Australia,1979-02-25,Australian Championships,"Perth, Australia"
1500m,Women,36,16:04.49,Kim Linehan,United States,1979-08-19,AAU Nationals,"Fort Lauderdale, United States"
1500m,Women,37,16:00.73,Janet Evans,United States,1987-07-31,USA Nationals & Pan Pacific Trials,"Orlando, United States"
1500m,Women,38,15:52.10,Janet Evans,United States,1988-03-26,USA Spring Nationals,"Orlando, United States"
1500m,Women,39,15:42.54,Kate Ziegler,United States,2007-06-17,TYR Meet of Champions,"Mission Viejo, United States"
1500m,Women,40,15:36.53,Katie Ledecky,United States,2013-07-30,World Championships,"Barcelona, Spain"
1500m,Women,41,15:34.23,Katie Ledecky,United States,2014-06-19,Woodlands Senior Invitational Meet,"Shenandoah, United States"
1500m,Women,42,15:28.36,Katie Ledecky,United States,2014-08-24,Pan Pacific Championships,"Gold Coast, Australia"
1500m,Women,43,15:27.71,Katie Ledecky,United States,2015-08-03,World Championships,"Kazan, Russia"
1500m,Women,44,15:25.48,Katie Ledecky,United States,2015-08-04,World Championships,"Kazan, Russia"
1500m,Women,45,15:20.48,Katie Ledecky,United States,2018-05-16,TYR Pro Swim Series,"Indianapolis, United States"
